Venue Name,Type,Neighborhood,Borough/Area,Location,Fan Countries,Description,Venue URL
11th Street Bar,Bar,East Village,Manhattan,"East Village, Manhattan",England,"Bar in East Village, Manhattan; listed as a World Cup watch venue for fans of England.",https://watchworldcup.nyc/venues/11th-street-bar
4th Avenue Pub,Bar,Park Slope,Brooklyn,"Park Slope, Brooklyn",England,"Bar in Park Slope, Brooklyn; listed as a World Cup watch venue for fans of England.",https://watchworldcup.nyc/venues/4th-avenue-pub
61 Local,Bar,Cobble Hill,Brooklyn,"Cobble Hill, Brooklyn",United States; England,"Bar in Cobble Hill, Brooklyn; listed as a World Cup watch venue for fans of United States; England.",https://watchworldcup.nyc/venues/61-local
Abistro (Brooklyn),Restaurant,Fort Greene,Brooklyn,"Fort Greene, Brooklyn",Senegal,"Restaurant in Fort Greene, Brooklyn; listed as a World Cup watch venue for fans of Senegal.",https://watchworldcup.nyc/venues/abistro-brooklyn
Accra Restaurant,Restaurant,Harlem,Manhattan,"Harlem, Manhattan",Ghana,"Restaurant in Harlem, Manhattan; listed as a World Cup watch venue for fans of Ghana.",https://watchworldcup.nyc/venues/accra-restaurant
Africa Kin�� Restaurant,Restaurant,Harlem,Manhattan,"Harlem, Manhattan",Senegal,"Restaurant in Harlem, Manhattan; listed as a World Cup watch venue for fans of Senegal.",https://watchworldcup.nyc/venues/africa-kin-restaurant
Allan's Bakery,Restaurant,Prospect Lefferts Gardens,Brooklyn,"Prospect Lefferts Gardens, Brooklyn",,"Restaurant in Prospect Lefferts Gardens, Brooklyn; listed as a World Cup watch venue.",https://watchworldcup.nyc/venues/allans-bakery
Amity Hall Downtown,Bar,Greenwich Village,Manhattan,"Greenwich Village, Manhattan",,"Bar in Greenwich Village, Manhattan; listed as a World Cup watch venue.",https://watchworldcup.nyc/venues/amity-hall-downtown
Amity Hall Uptown,Bar,Greenwich Village,Manhattan,"Greenwich Village, Manhattan",United States; England,"Bar in Greenwich Village, Manhattan; listed as a World Cup watch venue for fans of United States; England.",https://watchworldcup.nyc/venues/amity-hall-uptown
Amsterdam Ale House,Bar,Upper West Side,Manhattan,"Upper West Side, Manhattan",,"Bar in Upper West Side, Manhattan; listed as a World Cup watch venue.",https://watchworldcup.nyc/venues/amsterdam-ale-house
An Beal Bocht Caf��,Bar,Riverdale,Bronx,"Riverdale, Bronx",England,"Bar in Riverdale, Bronx; listed as a World Cup watch venue for fans of England.",https://watchworldcup.nyc/venues/an-beal-bocht-caf
Arepa Lady,Restaurant,Jackson Heights,Queens,"Jackson Heights, Queens",Colombia,"Restaurant in Jackson Heights, Queens; listed as a World Cup watch venue for fans of Colombia.",https://watchworldcup.nyc/venues/arepa-lady
Athena Keke's,Bar,Clinton Hill,Brooklyn,"Clinton Hill, Brooklyn",,"Bar in Clinton Hill, Brooklyn; listed as a World Cup watch venue.",https://watchworldcup.nyc/venues/athena-kekes
Baker Street Irregulars,Bar,Upper East Side,Manhattan,"Upper East Side, Manhattan",,"Bar in Upper East Side, Manhattan; listed as a World Cup watch venue.",https://watchworldcup.nyc/venues/baker-street-irregulars
Bangia,Bar,Koreatown,Manhattan,"Koreatown, Manhattan",Korea Republic,"Bar in Koreatown, Manhattan; listed as a World Cup watch venue for fans of Korea Republic.",https://watchworldcup.nyc/venues/bangia
Banter Bar,Bar,Williamsburg,Brooklyn,"Williamsburg, Brooklyn",Australia; England; New Zealand,"Bar in Williamsburg, Brooklyn; listed as a World Cup watch venue for fans of Australia; England; New Zealand.",https://watchworldcup.nyc/venues/banter-bar
Bar 43,Bar,Sunnyside,Queens,"Sunnyside, Queens",Colombia; United States; Ecuador,"Bar in Sunnyside, Queens; listed as a World Cup watch venue for fans of Colombia; United States; Ecuador.",https://watchworldcup.nyc/venues/bar-43
Bar Bruno,Restaurant,Carroll Gardens,Brooklyn,"Carroll Gardens, Brooklyn",,"Restaurant in Carroll Gardens, Brooklyn; listed as a World Cup watch venue.",https://watchworldcup.nyc/venues/bar-bruno
Bar Tabac,Restaurant,Cobble Hill,Brooklyn,"Cobble Hill, Brooklyn",France,"Restaurant in Cobble Hill, Brooklyn; listed as a World Cup watch venue for fans of France.",https://watchworldcup.nyc/venues/bar-tabac
Barzola,Restaurant,Jackson Heights,Queens,"Jackson Heights, Queens",Ecuador,"Restaurant in Jackson Heights, Queens; listed as a World Cup watch venue for fans of Ecuador.",https://watchworldcup.nyc/venues/barzola
Beco,Bar,Williamsburg,Brooklyn,"Williamsburg, Brooklyn",Brazil,"Bar in Williamsburg, Brooklyn; listed as a World Cup watch venue for fans of Brazil.",https://watchworldcup.nyc/venues/beco
Beija Flor,Bar,Astoria,Queens,"Astoria, Queens",Brazil,"Bar in Astoria, Queens; listed as a World Cup watch venue for fans of Brazil.",https://watchworldcup.nyc/venues/beija-flor
Berry Park,Bar,Williamsburg,Brooklyn,"Williamsburg, Brooklyn",Germany; England; United States,"Bar in Williamsburg, Brooklyn; listed as a World Cup watch venue for fans of Germany; England; United States.",https://watchworldcup.nyc/venues/berry-park
Bierhaus NYC,Beer Garden,Midtown East,Manhattan,"Midtown East, Manhattan",,"Beer Garden in Midtown East, Manhattan; listed as a World Cup watch venue.",https://watchworldcup.nyc/venues/bierhaus-nyc
Black Forest Brooklyn,Beer Garden,Fort Greene,Brooklyn,"Fort Greene, Brooklyn",,"Beer Garden in Fort Greene, Brooklyn; listed as a World Cup watch venue.",https://watchworldcup.nyc/venues/black-forest-brooklyn
Black Horse Pub,Bar,Park Slope,Brooklyn,"Park Slope, Brooklyn",England; United States; Scotland,"Bar in Park Slope, Brooklyn; listed as a World Cup watch venue for fans of England; United States; Scotland.",https://watchworldcup.nyc/venues/black-horse-pub
Blondies Sports Bar,Bar,Upper West Side,Manhattan,"Upper West Side, Manhattan",United States; England,"Bar in Upper West Side, Manhattan; listed as a World Cup watch venue for fans of United States; England.",https://watchworldcup.nyc/venues/blondies-sports-bar
Blue Haven South,Bar,Financial District,Manhattan,"Financial District, Manhattan",,"Bar in Financial District, Manhattan; listed as a World Cup watch venue.",https://watchworldcup.nyc/venues/blue-haven-south
Boca Junior Restaurant,Restaurant,Elmhurst,Queens,"Elmhurst, Queens",Argentina,"Restaurant in Elmhurst, Queens; listed as a World Cup watch venue for fans of Argentina.",https://watchworldcup.nyc/venues/boca-junior-restaurant
Bogota Latin Bistro,Restaurant,Park Slope,Brooklyn,"Park Slope, Brooklyn",Colombia,"Restaurant in Park Slope, Brooklyn; listed as a World Cup watch venue for fans of Colombia.",https://watchworldcup.nyc/venues/bogota-latin-bistro
Bohemian Hall & Beer Garden,Bar,Astoria,Queens,"Astoria, Queens",Germany,"Bar in Astoria, Queens; listed as a World Cup watch venue for fans of Germany.",https://watchworldcup.nyc/venues/bohemian-hall-beer-garden
Boteco,Restaurant,Astoria,Queens,"Astoria, Queens",Brazil,"Restaurant in Astoria, Queens; listed as a World Cup watch venue for fans of Brazil.",https://watchworldcup.nyc/venues/boteco
Boulton & Watt,Bar,East Village,Manhattan,"East Village, Manhattan",England; United States,"Bar in East Village, Manhattan; listed as a World Cup watch venue for fans of England; United States.",https://watchworldcup.nyc/venues/boulton-watt
Brady's Bar,Bar,Upper East Side,Manhattan,"Upper East Side, Manhattan",England,"Bar in Upper East Side, Manhattan; listed as a World Cup watch venue for fans of England.",https://watchworldcup.nyc/venues/bradys-bar
Bronx Alehouse,Bar,Kingsbridge,Bronx,"Kingsbridge, Bronx",United States,"Bar in Kingsbridge, Bronx; listed as a World Cup watch venue for fans of United States.",https://watchworldcup.nyc/venues/bronx-alehouse
Bronx Draft House,Bar,Concourse,Bronx,"Concourse, Bronx",,"Bar in Concourse, Bronx; listed as a World Cup watch venue.",https://watchworldcup.nyc/venues/bronx-draft-house
Brooklyn Fan Zone,fan_zone,DUMBO,Brooklyn,"DUMBO, Brooklyn",,"fan_zone in DUMBO, Brooklyn; listed as a World Cup watch venue.",https://watchworldcup.nyc/venues/brooklyn-fan-zone
Brother Jimmy's BBQ (UES),Bar,Upper East Side,Manhattan,"Upper East Side, Manhattan",United States,"Bar in Upper East Side, Manhattan; listed as a World Cup watch venue for fans of United States.",https://watchworldcup.nyc/venues/brother-jimmys-bbq-ues
Buenos Aires,Restaurant,East Village,Manhattan,"East Village, Manhattan",Argentina,"Restaurant in East Village, Manhattan; listed as a World Cup watch venue for fans of Argentina.",https://watchworldcup.nyc/venues/buenos-aires
Buka,Restaurant,Clinton Hill,Brooklyn,"Clinton Hill, Brooklyn",,"Restaurant in Clinton Hill, Brooklyn; listed as a World Cup watch venue.",https://watchworldcup.nyc/venues/buka
BXL Cafe,Bar,Theater District,Manhattan,"Theater District, Manhattan",Belgium,"Bar in Theater District, Manhattan; listed as a World Cup watch venue for fans of Belgium.",https://watchworldcup.nyc/venues/bxl-cafe
BXL Zoute,Restaurant,Flatiron,Manhattan,"Flatiron, Manhattan",Belgium,"Restaurant in Flatiron, Manhattan; listed as a World Cup watch venue for fans of Belgium.",https://watchworldcup.nyc/venues/bxl-zoute
Caf�� d'Alsace,Restaurant,Upper East Side,Manhattan,"Upper East Side, Manhattan",France,"Restaurant in Upper East Side, Manhattan; listed as a World Cup watch venue for fans of France.",https://watchworldcup.nyc/venues/caf-dalsace
Cafe Mogador,Restaurant,East Village,Manhattan,"East Village, Manhattan",Morocco,"Restaurant in East Village, Manhattan; listed as a World Cup watch venue for fans of Morocco.",https://watchworldcup.nyc/venues/cafe-mogador
Caf�� Rue Dix,Restaurant,Crown Heights,Brooklyn,"Crown Heights, Brooklyn",Senegal; France,"Restaurant in Crown Heights, Brooklyn; listed as a World Cup watch venue for fans of Senegal; France.",https://watchworldcup.nyc/venues/caf-rue-dix
Caff�� Borbone,Restaurant,Astoria,Queens,"Astoria, Queens",Morocco,"Restaurant in Astoria, Queens; listed as a World Cup watch venue for fans of Morocco.",https://watchworldcup.nyc/venues/caffe-borbone
Carragher's Pub & Restaurant,Bar,Financial District,Manhattan,"Financial District, Manhattan",England; United States,"Bar in Financial District, Manhattan; listed as a World Cup watch venue for fans of England; United States.",https://watchworldcup.nyc/venues/carraghers-pub-restaurant
Casa Italiana,Cultural Center,Jersey City,Jersey City,"Jersey City, Jersey City",,"Cultural Center in Jersey City, Jersey City; listed as a World Cup watch venue.",https://watchworldcup.nyc/venues/casa-italiana
Central Park Tavern,Bar,Midtown,Manhattan,"Midtown, Manhattan",England; United States,"Bar in Midtown, Manhattan; listed as a World Cup watch venue for fans of England; United States.",https://watchworldcup.nyc/venues/central-park-tavern
Cherry Tree,Bar,Park Slope,Brooklyn,"Park Slope, Brooklyn",United States; England,"Bar in Park Slope, Brooklyn; listed as a World Cup watch venue for fans of United States; England.",https://watchworldcup.nyc/venues/cherry-tree
Chez Oskar,Restaurant,Fort Greene,Brooklyn,"Fort Greene, Brooklyn",France,"Restaurant in Fort Greene, Brooklyn; listed as a World Cup watch venue for fans of France.",https://watchworldcup.nyc/venues/chez-oskar
Churrascaria Plataforma,Restaurant,Hell's Kitchen,Manhattan,"Hell's Kitchen, Manhattan",Brazil,"Restaurant in Hell's Kitchen, Manhattan; listed as a World Cup watch venue for fans of Brazil.",https://watchworldcup.nyc/venues/churrascaria-plataforma
Circulo Espanol,Cultural Center,Astoria,Queens,"Astoria, Queens",Spain,"Cultural Center in Astoria, Queens; listed as a World Cup watch venue for fans of Spain.",https://watchworldcup.nyc/venues/circulo-espanol
City Bistro,Bar,Uptown,Hoboken,"Uptown, Hoboken",United States; England,"Bar in Uptown, Hoboken; listed as a World Cup watch venue for fans of United States; England.",https://watchworldcup.nyc/venues/city-bistro
Cka Ka Qellu,Restaurant,Belmont,Bronx,"Belmont, Bronx",,"Restaurant in Belmont, Bronx; listed as a World Cup watch venue.",https://watchworldcup.nyc/venues/cka-ka-qellu
Clinton Hall 36th Street,Beer Garden,Midtown,Manhattan,"Midtown, Manhattan",,"Beer Garden in Midtown, Manhattan; listed as a World Cup watch venue.",https://watchworldcup.nyc/venues/clinton-hall-36th-street
Clinton Hall 51st Street,Beer Garden,Hell's Kitchen,Manhattan,"Hell's Kitchen, Manhattan",,"Beer Garden in Hell's Kitchen, Manhattan; listed as a World Cup watch venue.",https://watchworldcup.nyc/venues/clinton-hall-51st-street
Clinton Hall Bronx,Beer Garden,Belmont,Bronx,"Belmont, Bronx",United States,"Beer Garden in Belmont, Bronx; listed as a World Cup watch venue for fans of United States.",https://watchworldcup.nyc/venues/clinton-hall-bronx
Clinton Hall FiDi,Beer Garden,Financial District,Manhattan,"Financial District, Manhattan",,"Beer Garden in Financial District, Manhattan; listed as a World Cup watch venue.",https://watchworldcup.nyc/venues/clinton-hall-fidi
Cloverleaf Tavern,Bar,Caldwell,New Jersey,"Caldwell, New Jersey",,"Bar in Caldwell, New Jersey; listed as a World Cup watch venue.",https://watchworldcup.nyc/venues/cloverleaf-tavern
Connolly's Klub 45,Bar,Midtown East,Manhattan,"Midtown East, Manhattan",England,"Bar in Midtown East, Manhattan; listed as a World Cup watch venue for fans of England.",https://watchworldcup.nyc/venues/connollys-klub-45
Corner Social,Restaurant,Harlem,Manhattan,"Harlem, Manhattan",,"Restaurant in Harlem, Manhattan; listed as a World Cup watch venue.",https://watchworldcup.nyc/venues/corner-social
Crossbar,Bar,NoHo,Manhattan,"NoHo, Manhattan",,"Bar in NoHo, Manhattan; listed as a World Cup watch venue.",https://watchworldcup.nyc/venues/crossbar
Dalton's Bar & Grill,Bar,Hell's Kitchen,Manhattan,"Hell's Kitchen, Manhattan",United States,"Bar in Hell's Kitchen, Manhattan; listed as a World Cup watch venue for fans of United States.",https://watchworldcup.nyc/venues/daltons-bar-and-grill
Dive Bar,Bar,Upper West Side,Manhattan,"Upper West Side, Manhattan",United States; England,"Bar in Upper West Side, Manhattan; listed as a World Cup watch venue for fans of United States; England.",https://watchworldcup.nyc/venues/dive-bar
Donovan's Pub,Bar,Woodside,Queens,"Woodside, Queens",United States,"Bar in Woodside, Queens; listed as a World Cup watch venue for fans of United States.",https://watchworldcup.nyc/venues/donovans-pub
Dorrian's Red Hand,Bar,Upper East Side,Manhattan,"Upper East Side, Manhattan",United States,"Bar in Upper East Side, Manhattan; listed as a World Cup watch venue for fans of United States.",https://watchworldcup.nyc/venues/dorrians-red-hand
Double Windsor,Bar,Windsor Terrace,Brooklyn,"Windsor Terrace, Brooklyn",United States; England,"Bar in Windsor Terrace, Brooklyn; listed as a World Cup watch venue for fans of United States; England.",https://watchworldcup.nyc/venues/double-windsor
Down The Hatch,Bar,West Village,Manhattan,"West Village, Manhattan",United States; England,"Bar in West Village, Manhattan; listed as a World Cup watch venue for fans of United States; England.",https://watchworldcup.nyc/venues/down-the-hatch
DSK,Bar,Fort Greene,Brooklyn,"Fort Greene, Brooklyn",Germany; United States,"Bar in Fort Greene, Brooklyn; listed as a World Cup watch venue for fans of Germany; United States.",https://watchworldcup.nyc/venues/dsk
Dyckman Beer Co,Bar,Inwood,Manhattan,"Inwood, Manhattan",United States,"Bar in Inwood, Manhattan; listed as a World Cup watch venue for fans of United States.",https://watchworldcup.nyc/venues/dyckman-beer-co
Ecuadorian Food,Restaurant,Astoria,Queens,"Astoria, Queens",Ecuador,"Restaurant in Astoria, Queens; listed as a World Cup watch venue for fans of Ecuador.",https://watchworldcup.nyc/venues/ecuadorian-food
Ecuadorian Food II,Restaurant,Astoria,Queens,"Astoria, Queens",Ecuador,"Restaurant in Astoria, Queens; listed as a World Cup watch venue for fans of Ecuador.",https://watchworldcup.nyc/venues/ecuadorian-food-ii
Ed & Mary's,Bar,Hamilton Park,Jersey City,"Hamilton Park, Jersey City",,"Bar in Hamilton Park, Jersey City; listed as a World Cup watch venue.",https://watchworldcup.nyc/venues/ed-marys
El Basurero,Restaurant,Astoria,Queens,"Astoria, Queens",Colombia,"Restaurant in Astoria, Queens; listed as a World Cup watch venue for fans of Colombia.",https://watchworldcup.nyc/venues/el-basurero
El Chivito d'Oro,Restaurant,Jackson Heights,Queens,"Jackson Heights, Queens",Uruguay,"Restaurant in Jackson Heights, Queens; listed as a World Cup watch venue for fans of Uruguay.",https://watchworldcup.nyc/venues/el-chivito-doro
El Cortez,Bar,East Williamsburg,Brooklyn,"East Williamsburg, Brooklyn",Mexico,"Bar in East Williamsburg, Brooklyn; listed as a World Cup watch venue for fans of Mexico.",https://watchworldcup.nyc/venues/el-cortez
El Encebollado de Victor,Restaurant,Bushwick,Brooklyn,"Bushwick, Brooklyn",Ecuador,"Restaurant in Bushwick, Brooklyn; listed as a World Cup watch venue for fans of Ecuador.",https://watchworldcup.nyc/venues/el-encebollado-de-victor
El Gauchito,Restaurant,Elmhurst,Queens,"Elmhurst, Queens",Argentina,"Restaurant in Elmhurst, Queens; listed as a World Cup watch venue for fans of Argentina.",https://watchworldcup.nyc/venues/el-gauchito
El Malecon,Restaurant,Riverdale,Bronx,"Riverdale, Bronx",,"Restaurant in Riverdale, Bronx; listed as a World Cup watch venue.",https://watchworldcup.nyc/venues/el-malecon
El Mate,Restaurant,Cobble Hill,Brooklyn,"Cobble Hill, Brooklyn",Argentina; Brazil,"Restaurant in Cobble Hill, Brooklyn; listed as a World Cup watch venue for fans of Argentina; Brazil.",https://watchworldcup.nyc/venues/el-mate
Failte Irish Pub,Bar,Kips Bay,Manhattan,"Kips Bay, Manhattan",England,"Bar in Kips Bay, Manhattan; listed as a World Cup watch venue for fans of England.",https://watchworldcup.nyc/venues/failte-irish-pub
Fanatics Fest NYC x FIFA,Public Viewing,Hell's Kitchen,Manhattan,"Hell's Kitchen, Manhattan",,"Public Viewing in Hell's Kitchen, Manhattan; listed as a World Cup watch venue.",https://watchworldcup.nyc/venues/fanatics-fest-fifa
FancyFree,Bar,Fort Greene,Brooklyn,"Fort Greene, Brooklyn",England,"Bar in Fort Greene, Brooklyn; listed as a World Cup watch venue for fans of England.",https://watchworldcup.nyc/venues/fancyfree
Farrell's Bar & Grill,Bar,Windsor Terrace,Brooklyn,"Windsor Terrace, Brooklyn",United States,"Bar in Windsor Terrace, Brooklyn; listed as a World Cup watch venue for fans of United States.",https://watchworldcup.nyc/venues/farrells-bar-grill
Favela Grill,Restaurant,Astoria,Queens,"Astoria, Queens",Brazil,"Restaurant in Astoria, Queens; listed as a World Cup watch venue for fans of Brazil.",https://watchworldcup.nyc/venues/favela-grill
Felix,Restaurant,SoHo,Manhattan,"SoHo, Manhattan",France,"Restaurant in SoHo, Manhattan; listed as a World Cup watch venue for fans of France.",https://watchworldcup.nyc/venues/felix-soho
Fiddlesticks Pub,Bar,West Village,Manhattan,"West Village, Manhattan",England,"Bar in West Village, Manhattan; listed as a World Cup watch venue for fans of England.",https://watchworldcup.nyc/venues/fiddlesticks-pub
FIFA Fan Zone Queens,Public Viewing,Flushing,Queens,"Flushing, Queens",,"Public Viewing in Flushing, Queens; listed as a World Cup watch venue.",https://watchworldcup.nyc/venues/fifa-fan-zone-queens
Finnegan's Pub,Bar,Hoboken,Hoboken,"Hoboken, Hoboken",England,"Bar in Hoboken, Hoboken; listed as a World Cup watch venue for fans of England.",https://watchworldcup.nyc/venues/finnegans-pub
Flag City: East Rutherford,Public Viewing,East Rutherford,New Jersey,"East Rutherford, New Jersey",,"Public Viewing in East Rutherford, New Jersey; listed as a World Cup watch venue.",https://watchworldcup.nyc/venues/flag-city-east-rutherford
Flag City: Jersey City,Public Viewing,Jersey City,New Jersey,"Jersey City, New Jersey",,"Public Viewing in Jersey City, New Jersey; listed as a World Cup watch venue.",https://watchworldcup.nyc/venues/flag-city-jersey-city
Flag City: Laurel Hill Park,Public Viewing,Secaucus,New Jersey,"Secaucus, New Jersey",,"Public Viewing in Secaucus, New Jersey; listed as a World Cup watch venue.",https://watchworldcup.nyc/venues/flag-city-laurel-hill-park
Flag City: Newark,Public Viewing,Newark,New Jersey,"Newark, New Jersey",,"Public Viewing in Newark, New Jersey; listed as a World Cup watch venue.",https://watchworldcup.nyc/venues/flag-city-newark
Flag City: Overpeck Park,Public Viewing,Bergen County,New Jersey,"Bergen County, New Jersey",,"Public Viewing in Bergen County, New Jersey; listed as a World Cup watch venue.",https://watchworldcup.nyc/venues/flag-city-overpeck-park
Flannery's Bar,Bar,Chelsea,Manhattan,"Chelsea, Manhattan",,"Bar in Chelsea, Manhattan; listed as a World Cup watch venue.",https://watchworldcup.nyc/venues/flannerys-bar
Flava of the Bronx,Bar,Melrose,Bronx,"Melrose, Bronx",,"Bar in Melrose, Bronx; listed as a World Cup watch venue.",https://watchworldcup.nyc/venues/flava-of-the-bronx
Foley's NY,Bar,Midtown,Manhattan,"Midtown, Manhattan",United States,"Bar in Midtown, Manhattan; listed as a World Cup watch venue for fans of United States.",https://watchworldcup.nyc/venues/foleys-ny
Football Factory at Legends,Bar,Midtown,Manhattan,"Midtown, Manhattan",United States; England; Argentina,"Bar in Midtown, Manhattan; listed as a World Cup watch venue for fans of United States; England; Argentina.",https://watchworldcup.nyc/venues/football-factory-at-legends
Football Factory at Upper 90,Bar,Boerum Hill,Brooklyn,"Boerum Hill, Brooklyn",,"Bar in Boerum Hill, Brooklyn; listed as a World Cup watch venue.",https://watchworldcup.nyc/venues/football-factory-upper-90
Fornos of Spain,Restaurant,Ironbound,Newark,"Ironbound, Newark",Spain; Portugal,"Restaurant in Ironbound, Newark; listed as a World Cup watch venue for fans of Spain; Portugal.",https://watchworldcup.nyc/venues/fornos-of-spain
Franklin Park,Beer Garden,Crown Heights,Brooklyn,"Crown Heights, Brooklyn",,"Beer Garden in Crown Heights, Brooklyn; listed as a World Cup watch venue.",https://watchworldcup.nyc/venues/franklin-park
Generator World Cup Viewing,Pop-Up,Times Square,Manhattan,"Times Square, Manhattan",,"Pop-Up in Times Square, Manhattan; listed as a World Cup watch venue.",https://watchworldcup.nyc/venues/generator-world-cup-viewing
George Keeley,Bar,Upper West Side,Manhattan,"Upper West Side, Manhattan",United States,"Bar in Upper West Side, Manhattan; listed as a World Cup watch venue for fans of United States.",https://watchworldcup.nyc/venues/george-keeley
German House of Soccer (DFB),Cultural Center,Chelsea,Manhattan,"Chelsea, Manhattan",Germany,"Cultural Center in Chelsea, Manhattan; listed as a World Cup watch venue for fans of Germany.",https://watchworldcup.nyc/venues/german-house-of-soccer
Graffito Bar NYC,Bar,Lower East Side,Manhattan,"Lower East Side, Manhattan",,"Bar in Lower East Side, Manhattan; listed as a World Cup watch venue.",https://watchworldcup.nyc/venues/graffito-bar-nyc
Grand Street Social,Bar,SoHo,Manhattan,"SoHo, Manhattan",England; United States,"Bar in SoHo, Manhattan; listed as a World Cup watch venue for fans of England; United States.",https://watchworldcup.nyc/venues/grand-street-social
Grey Bar & Restaurant,Restaurant,NoMad,Manhattan,"NoMad, Manhattan",,"Restaurant in NoMad, Manhattan; listed as a World Cup watch venue.",https://watchworldcup.nyc/venues/grey-bar-restaurant
Hair of the Dog,Bar,Lower East Side,Manhattan,"Lower East Side, Manhattan",United States,"Bar in Lower East Side, Manhattan; listed as a World Cup watch venue for fans of United States.",https://watchworldcup.nyc/venues/hair-of-the-dog
Harlem Public,Bar,Hamilton Heights,Manhattan,"Hamilton Heights, Manhattan",,"Bar in Hamilton Heights, Manhattan; listed as a World Cup watch venue.",https://watchworldcup.nyc/venues/harlem-public
Harlem Tavern,Bar,Harlem,Manhattan,"Harlem, Manhattan",United States; England; Ghana,"Bar in Harlem, Manhattan; listed as a World Cup watch venue for fans of United States; England; Ghana.",https://watchworldcup.nyc/venues/harlem-tavern
Haswell Green's,Bar,Midtown West,Manhattan,"Midtown West, Manhattan",,"Bar in Midtown West, Manhattan; listed as a World Cup watch venue.",https://watchworldcup.nyc/venues/haswell-greens
Heidelberg Restaurant,Restaurant,Upper East Side,Manhattan,"Upper East Side, Manhattan",Germany,"Restaurant in Upper East Side, Manhattan; listed as a World Cup watch venue for fans of Germany.",https://watchworldcup.nyc/venues/heidelberg-restaurant
Henry Public,Bar,Cobble Hill,Brooklyn,"Cobble Hill, Brooklyn",United States; England,"Bar in Cobble Hill, Brooklyn; listed as a World Cup watch venue for fans of United States; England.",https://watchworldcup.nyc/venues/henry-public
Hibernia Bar,Bar,Hell's Kitchen,Manhattan,"Hell's Kitchen, Manhattan",England,"Bar in Hell's Kitchen, Manhattan; listed as a World Cup watch venue for fans of England.",https://watchworldcup.nyc/venues/hibernia-bar
Highbury Pub,Bar,Ditmas Park,Brooklyn,"Ditmas Park, Brooklyn",England,"Bar in Ditmas Park, Brooklyn; listed as a World Cup watch venue for fans of England.",https://watchworldcup.nyc/venues/highbury-pub
Hudson Hall,Beer Garden,Downtown,Jersey City,"Downtown, Jersey City",,"Beer Garden in Downtown, Jersey City; listed as a World Cup watch venue.",https://watchworldcup.nyc/venues/hudson-hall
Hurley's Saloon,Bar,Theater District,Manhattan,"Theater District, Manhattan",Netherlands; England; United States,"Bar in Theater District, Manhattan; listed as a World Cup watch venue for fans of Netherlands; England; United States.",https://watchworldcup.nyc/venues/hurleys-saloon
Hutch Astoria,Bar,Astoria,Queens,"Astoria, Queens",Croatia,"Bar in Astoria, Queens; listed as a World Cup watch venue for fans of Croatia.",https://watchworldcup.nyc/venues/hutch-astoria
Iberia Peninsula,Restaurant,Ironbound,Newark,"Ironbound, Newark",Portugal; Spain,"Restaurant in Ironbound, Newark; listed as a World Cup watch venue for fans of Portugal; Spain.",https://watchworldcup.nyc/venues/iberia-peninsula
Inwood Local,Bar,Inwood,Manhattan,"Inwood, Manhattan",United States,"Bar in Inwood, Manhattan; listed as a World Cup watch venue for fans of United States.",https://watchworldcup.nyc/venues/inwood-local
Iona,Bar,Williamsburg,Brooklyn,"Williamsburg, Brooklyn",Scotland,"Bar in Williamsburg, Brooklyn; listed as a World Cup watch venue for fans of Scotland.",https://watchworldcup.nyc/venues/iona
Ironbound Portuguese bars cluster (Ferry St),Public Viewing,Ironbound,Newark,"Ironbound, Newark",Portugal; Brazil,"Public Viewing in Ironbound, Newark; listed as a World Cup watch venue for fans of Portugal; Brazil.",https://watchworldcup.nyc/venues/ironbound-portuguese-bars-cluster-ferry-st
Istria Sport Club,Cultural Center,Astoria,Queens,"Astoria, Queens",Croatia,"Cultural Center in Astoria, Queens; listed as a World Cup watch venue for fans of Croatia.",https://watchworldcup.nyc/venues/istria-sport-club
IV Purpose,Bar,Bed-Stuy,Brooklyn,"Bed-Stuy, Brooklyn",United States,"Bar in Bed-Stuy, Brooklyn; listed as a World Cup watch venue for fans of United States.",https://watchworldcup.nyc/venues/iv-purpose
Jack Demsey's,Bar,Midtown,Manhattan,"Midtown, Manhattan",United States; England,"Bar in Midtown, Manhattan; listed as a World Cup watch venue for fans of United States; England.",https://watchworldcup.nyc/venues/jack-demseys
Jack Doyle's,Bar,Midtown West,Manhattan,"Midtown West, Manhattan",England; United States,"Bar in Midtown West, Manhattan; listed as a World Cup watch venue for fans of England; United States.",https://watchworldcup.nyc/venues/jack-doyles
Jack Quinns (Sunnyside),Bar,Sunnyside,Queens,"Sunnyside, Queens",United States,"Bar in Sunnyside, Queens; listed as a World Cup watch venue for fans of United States.",https://watchworldcup.nyc/venues/jack-quinns-sunnyside
Jack's Fire Department,Bar,Sunnyside,Queens,"Sunnyside, Queens",United States,"Bar in Sunnyside, Queens; listed as a World Cup watch venue for fans of United States.",https://watchworldcup.nyc/venues/jacks-fire-department
Jake's Dilemma,Bar,Upper West Side,Manhattan,"Upper West Side, Manhattan",United States,"Bar in Upper West Side, Manhattan; listed as a World Cup watch venue for fans of United States.",https://watchworldcup.nyc/venues/jakes-dilemma
Jimmy Max,Bar,Westerleigh,Staten Island,"Westerleigh, Staten Island",United States,"Bar in Westerleigh, Staten Island; listed as a World Cup watch venue for fans of United States.",https://watchworldcup.nyc/venues/jimmy-max
Jody's Club Forest,Bar,West Brighton,Staten Island,"West Brighton, Staten Island",United States,"Bar in West Brighton, Staten Island; listed as a World Cup watch venue for fans of United States.",https://watchworldcup.nyc/venues/jodys-club-forest
Joloff Restaurant,Restaurant,Bed-Stuy,Brooklyn,"Bed-Stuy, Brooklyn",Senegal,"Restaurant in Bed-Stuy, Brooklyn; listed as a World Cup watch venue for fans of Senegal.",https://watchworldcup.nyc/venues/joloff-restaurant
Jones Wood Foundry,Bar,Upper East Side,Manhattan,"Upper East Side, Manhattan",England; United States,"Bar in Upper East Side, Manhattan; listed as a World Cup watch venue for fans of England; United States.",https://watchworldcup.nyc/venues/jones-wood-foundry
Kabab Cafe,Restaurant,Astoria,Queens,"Astoria, Queens",Egypt,"Restaurant in Astoria, Queens; listed as a World Cup watch venue for fans of Egypt.",https://watchworldcup.nyc/venues/kabab-cafe
Kabu Bar Lounge,Bar,Jackson Heights,Queens,"Jackson Heights, Queens",Colombia; Ecuador; Mexico,"Bar in Jackson Heights, Queens; listed as a World Cup watch venue for fans of Colombia; Ecuador; Mexico.",https://watchworldcup.nyc/venues/kabu-bar-lounge
Kafana,Restaurant,East Village,Manhattan,"East Village, Manhattan",,"Restaurant in East Village, Manhattan; listed as a World Cup watch venue.",https://watchworldcup.nyc/venues/kafana
Karczma,Restaurant,Greenpoint,Brooklyn,"Greenpoint, Brooklyn",,"Restaurant in Greenpoint, Brooklyn; listed as a World Cup watch venue.",https://watchworldcup.nyc/venues/karczma
Katch Astoria,Bar,Astoria,Queens,"Astoria, Queens",,"Bar in Astoria, Queens; listed as a World Cup watch venue.",https://watchworldcup.nyc/venues/katch-astoria
Kelly's Sports Bar,Bar,East Village,Manhattan,"East Village, Manhattan",England,"Bar in East Village, Manhattan; listed as a World Cup watch venue for fans of England.",https://watchworldcup.nyc/venues/kellys-sports-bar-east-village
Kelly's Sports Bar (UES),Bar,Upper East Side,Manhattan,"Upper East Side, Manhattan",England,"Bar in Upper East Side, Manhattan; listed as a World Cup watch venue for fans of England.",https://watchworldcup.nyc/venues/kellys-sports-bar-ues
Kent Ale House,Bar,Greenpoint,Brooklyn,"Greenpoint, Brooklyn",,"Bar in Greenpoint, Brooklyn; listed as a World Cup watch venue.",https://watchworldcup.nyc/venues/kent-ale-house
Kettle of Fish,Bar,West Village,Manhattan,"West Village, Manhattan",United States,"Bar in West Village, Manhattan; listed as a World Cup watch venue for fans of United States.",https://watchworldcup.nyc/venues/kettle-of-fish
Killmeyer's Old Bavaria Inn,Restaurant,Charleston,Staten Island,"Charleston, Staten Island",Germany,"Restaurant in Charleston, Staten Island; listed as a World Cup watch venue for fans of Germany.",https://watchworldcup.nyc/venues/killmeyers-old-bavaria-inn
Kings County Brewers Collective,Beer Garden,Bushwick,Brooklyn,"Bushwick, Brooklyn",United States; Germany,"Beer Garden in Bushwick, Brooklyn; listed as a World Cup watch venue for fans of United States; Germany.",https://watchworldcup.nyc/venues/kings-county-brewers-collective
Kitty Kiernans,Bar,Bay Ridge,Brooklyn,"Bay Ridge, Brooklyn",England; United States,"Bar in Bay Ridge, Brooklyn; listed as a World Cup watch venue for fans of England; United States.",https://watchworldcup.nyc/venues/kitty-kiernans
La Chibcha,Restaurant,Jackson Heights,Queens,"Jackson Heights, Queens",Colombia,"Restaurant in Jackson Heights, Queens; listed as a World Cup watch venue for fans of Colombia.",https://watchworldcup.nyc/venues/la-chibcha
La Cubana,Restaurant,Park Slope,Brooklyn,"Park Slope, Brooklyn",Mexico,"Restaurant in Park Slope, Brooklyn; listed as a World Cup watch venue for fans of Mexico.",https://watchworldcup.nyc/venues/la-cubana
La Esquina Criolla,Restaurant,Corona,Queens,"Corona, Queens",Argentina; Uruguay,"Restaurant in Corona, Queens; listed as a World Cup watch venue for fans of Argentina; Uruguay.",https://watchworldcup.nyc/venues/la-esquina-criolla
La Fusta,Restaurant,Elmhurst,Queens,"Elmhurst, Queens",Argentina,"Restaurant in Elmhurst, Queens; listed as a World Cup watch venue for fans of Argentina.",https://watchworldcup.nyc/venues/la-fusta
La Gran Uruguaya Bakery & Restaurant,Bar,Jackson Heights,Queens,"Jackson Heights, Queens",Uruguay; Ecuador; Argentina,"Bar in Jackson Heights, Queens; listed as a World Cup watch venue for fans of Uruguay; Ecuador; Argentina.",https://watchworldcup.nyc/venues/la-gran-uruguaya-bakery-restaurant
La Hueca Epa,Restaurant,Corona,Queens,"Corona, Queens",Ecuador,"Restaurant in Corona, Queens; listed as a World Cup watch venue for fans of Ecuador.",https://watchworldcup.nyc/venues/la-hueca-epa
La Nacional,Bar,Chelsea,Manhattan,"Chelsea, Manhattan",Spain,"Bar in Chelsea, Manhattan; listed as a World Cup watch venue for fans of Spain.",https://watchworldcup.nyc/venues/la-nacional
La Peque��a Colombia,Restaurant,Jackson Heights,Queens,"Jackson Heights, Queens",Colombia,"Restaurant in Jackson Heights, Queens; listed as a World Cup watch venue for fans of Colombia.",https://watchworldcup.nyc/venues/la-peque-a-colombia
La Pollera Colorada II,Restaurant,Jackson Heights,Queens,"Jackson Heights, Queens",Colombia,"Restaurant in Jackson Heights, Queens; listed as a World Cup watch venue for fans of Colombia.",https://watchworldcup.nyc/venues/la-pollera-colorada-ii
La Roja de Todos,Restaurant,College Point,Queens,"College Point, Queens",,"Restaurant in College Point, Queens; listed as a World Cup watch venue.",https://watchworldcup.nyc/venues/la-roja-de-todos
Lagos TSQ,Restaurant,Times Square,Manhattan,"Times Square, Manhattan",,"Restaurant in Times Square, Manhattan; listed as a World Cup watch venue.",https://watchworldcup.nyc/venues/lagos-tsq
Langan's,Bar,Theater District,Manhattan,"Theater District, Manhattan",England,"Bar in Theater District, Manhattan; listed as a World Cup watch venue for fans of England.",https://watchworldcup.nyc/venues/langans
Las Ramblas,Restaurant,West Village,Manhattan,"West Village, Manhattan",Spain; Mexico,"Restaurant in West Village, Manhattan; listed as a World Cup watch venue for fans of Spain; Mexico.",https://watchworldcup.nyc/venues/las-ramblas
Le Petit Senegal (116th St corridor),Public Viewing,Harlem,Manhattan,"Harlem, Manhattan",Senegal; C��te d'Ivoire,"Public Viewing in Harlem, Manhattan; listed as a World Cup watch venue for fans of Senegal; C��te d'Ivoire.",https://watchworldcup.nyc/venues/le-petit-senegal-116th-st-corridor
Legends FC,Bar,Downtown,Jersey City,"Downtown, Jersey City",,"Bar in Downtown, Jersey City; listed as a World Cup watch venue.",https://watchworldcup.nyc/venues/legends-fc-jersey-city
Legends NYC (7th Ave),Bar,Midtown,Manhattan,"Midtown, Manhattan",United States; England,"Bar in Midtown, Manhattan; listed as a World Cup watch venue for fans of United States; England.",https://watchworldcup.nyc/venues/legends-nyc-7th-ave
Legends Tavern & Grill,Bar,Jackson Heights,Queens,"Jackson Heights, Queens",,"Bar in Jackson Heights, Queens; listed as a World Cup watch venue.",https://watchworldcup.nyc/venues/legends-tavern-grill
Les Enfants de Boh��me,Bar,Lower East Side,Manhattan,"Lower East Side, Manhattan",France,"Bar in Lower East Side, Manhattan; listed as a World Cup watch venue for fans of France.",https://watchworldcup.nyc/venues/les-enfants-de-boheme
LIC Bar,Bar,Long Island City,Queens,"Long Island City, Queens",,"Bar in Long Island City, Queens; listed as a World Cup watch venue.",https://watchworldcup.nyc/venues/lic-bar
Lillie's Victorian Establishment,Bar,Theater District,Manhattan,"Theater District, Manhattan",United States,"Bar in Theater District, Manhattan; listed as a World Cup watch venue for fans of United States.",https://watchworldcup.nyc/venues/lillies-victorian-establishment
Lone Star Bar & Grill,Bar,Bay Ridge,Brooklyn,"Bay Ridge, Brooklyn",United States,"Bar in Bay Ridge, Brooklyn; listed as a World Cup watch venue for fans of United States.",https://watchworldcup.nyc/venues/lone-star-bar-grill
Long Acre Tavern,Bar,Times Square,Manhattan,"Times Square, Manhattan",England,"Bar in Times Square, Manhattan; listed as a World Cup watch venue for fans of England.",https://watchworldcup.nyc/venues/long-acre-tavern
Loreley Beer Garden,Bar,Lower East Side,Manhattan,"Lower East Side, Manhattan",Germany,"Bar in Lower East Side, Manhattan; listed as a World Cup watch venue for fans of Germany.",https://watchworldcup.nyc/venues/loreley-beer-garden
Los Tres Potrillos,Bar,Sunset Park,Brooklyn,"Sunset Park, Brooklyn",Mexico,"Bar in Sunset Park, Brooklyn; listed as a World Cup watch venue for fans of Mexico.",https://watchworldcup.nyc/venues/los-tres-potrillos
Madd Hatter Hoboken,Bar,Downtown,Hoboken,"Downtown, Hoboken",,"Bar in Downtown, Hoboken; listed as a World Cup watch venue.",https://watchworldcup.nyc/venues/madd-hatter-hoboken
Malagueta,Restaurant,Astoria,Queens,"Astoria, Queens",Brazil,"Restaurant in Astoria, Queens; listed as a World Cup watch venue for fans of Brazil.",https://watchworldcup.nyc/venues/malagueta
Mamajuana Cafe,Restaurant,Inwood,Manhattan,"Inwood, Manhattan",Spain; Mexico,"Restaurant in Inwood, Manhattan; listed as a World Cup watch venue for fans of Spain; Mexico.",https://watchworldcup.nyc/venues/mamajuana-cafe
Mario's Restaurant,Restaurant,Belmont / Arthur Ave,Bronx,"Belmont / Arthur Ave, Bronx",,"Restaurant in Belmont / Arthur Ave, Bronx; listed as a World Cup watch venue.",https://watchworldcup.nyc/venues/marios-restaurant
Markt,Restaurant,Flatiron,Manhattan,"Flatiron, Manhattan",Belgium; Netherlands,"Restaurant in Flatiron, Manhattan; listed as a World Cup watch venue for fans of Belgium; Netherlands.",https://watchworldcup.nyc/venues/markt
Max Bratwurst und Bier,Restaurant,Astoria,Queens,"Astoria, Queens",Germany,"Restaurant in Astoria, Queens; listed as a World Cup watch venue for fans of Germany.",https://watchworldcup.nyc/venues/max-bratwurst-und-bier
McFadden's,Bar,Midtown East,Manhattan,"Midtown East, Manhattan",United States,"Bar in Midtown East, Manhattan; listed as a World Cup watch venue for fans of United States.",https://watchworldcup.nyc/venues/mcfaddens
McHale's Bar & Grill,Bar,Midtown,Manhattan,"Midtown, Manhattan",Scotland,"Bar in Midtown, Manhattan; listed as a World Cup watch venue for fans of Scotland.",https://watchworldcup.nyc/venues/mchales-bar-grill
McSorley's Old Ale House,Bar,East Village,Manhattan,"East Village, Manhattan",,"Bar in East Village, Manhattan; listed as a World Cup watch venue.",https://watchworldcup.nyc/venues/mcsorleys-old-ale-house
Michelle's Cocktail Lounge,Bar,Flatbush,Brooklyn,"Flatbush, Brooklyn",,"Bar in Flatbush, Brooklyn; listed as a World Cup watch venue.",https://watchworldcup.nyc/venues/michelles-cocktail-lounge
Mission Dolores Bar,Bar,Park Slope,Brooklyn,"Park Slope, Brooklyn",United States; England,"Bar in Park Slope, Brooklyn; listed as a World Cup watch venue for fans of United States; England.",https://watchworldcup.nyc/venues/mission-dolores-bar
Molly Wee Pub,Bar,Midtown,Manhattan,"Midtown, Manhattan",England,"Bar in Midtown, Manhattan; listed as a World Cup watch venue for fans of England.",https://watchworldcup.nyc/venues/molly-wee-pub
Mombar,Restaurant,Astoria,Queens,"Astoria, Queens",Egypt,"Restaurant in Astoria, Queens; listed as a World Cup watch venue for fans of Egypt.",https://watchworldcup.nyc/venues/mombar
Mr. Biggs,Bar,Hell's Kitchen,Manhattan,"Hell's Kitchen, Manhattan",United States,"Bar in Hell's Kitchen, Manhattan; listed as a World Cup watch venue for fans of United States.",https://watchworldcup.nyc/venues/mr-biggs
Mulligan's Pub,Bar,Downtown,Hoboken,"Downtown, Hoboken",England,"Bar in Downtown, Hoboken; listed as a World Cup watch venue for fans of England.",https://watchworldcup.nyc/venues/mulligans-pub
Mustang Harry's,Bar,Midtown,Manhattan,"Midtown, Manhattan",United States,"Bar in Midtown, Manhattan; listed as a World Cup watch venue for fans of United States.",https://watchworldcup.nyc/venues/mustang-harrys
No One Home,Bar,Lower East Side,Manhattan,"Lower East Side, Manhattan",United States,"Bar in Lower East Side, Manhattan; listed as a World Cup watch venue for fans of United States.",https://watchworldcup.nyc/venues/no-one-home
Noches De Colombia (Englewood),Restaurant,Englewood,New Jersey,"Englewood, New Jersey",Colombia,"Restaurant in Englewood, New Jersey; listed as a World Cup watch venue for fans of Colombia.",https://watchworldcup.nyc/venues/noches-de-colombia-englewood
Noches De Colombia (Flushing),Restaurant,Flushing,Queens,"Flushing, Queens",Colombia,"Restaurant in Flushing, Queens; listed as a World Cup watch venue for fans of Colombia.",https://watchworldcup.nyc/venues/noches-de-colombia-flushing
Noches De Colombia (Hackensack),Restaurant,Hackensack,New Jersey,"Hackensack, New Jersey",Colombia,"Restaurant in Hackensack, New Jersey; listed as a World Cup watch venue for fans of Colombia.",https://watchworldcup.nyc/venues/noches-de-colombia-hackensack
Noches De Colombia (Union City),Restaurant,Union City,New Jersey,"Union City, New Jersey",Colombia,"Restaurant in Union City, New Jersey; listed as a World Cup watch venue for fans of Colombia.",https://watchworldcup.nyc/venues/noches-de-colombia-union-city
Noches De Colombia (West New York),Restaurant,West New York,New Jersey,"West New York, New Jersey",Colombia,"Restaurant in West New York, New Jersey; listed as a World Cup watch venue for fans of Colombia.",https://watchworldcup.nyc/venues/noches-de-colombia-west-new-york
NYNJ Fan Village at Rockefeller Center,Public Viewing,Midtown,Manhattan,"Midtown, Manhattan",,"Public Viewing in Midtown, Manhattan; listed as a World Cup watch venue.",https://watchworldcup.nyc/venues/nynj-fan-village-rockefeller-center
NYNJ Jersey Fan Hub,Public Viewing,Harrison,New Jersey,"Harrison, New Jersey",,"Public Viewing in Harrison, New Jersey; listed as a World Cup watch venue.",https://watchworldcup.nyc/venues/nynj-jersey-fan-hub
NYNJ World Cup 26 & Telemundo Fan Village at Rockefeller Center,fan_zone,Midtown,Manhattan,"Midtown, Manhattan",,"fan_zone in Midtown, Manhattan; listed as a World Cup watch venue.",https://watchworldcup.nyc/venues/nynj-wc26-telemundo-fan-village-rockefeller-center
NYNJ World Cup 26 Bronx Fan Zone,fan_zone,Concourse,Bronx,"Concourse, Bronx",,"fan_zone in Concourse, Bronx; listed as a World Cup watch venue.",https://watchworldcup.nyc/venues/nynj-wc26-bronx-fan-zone
NYNJ World Cup 26 Queens Group Stage HQ,fan_zone,Flushing Meadows,Queens,"Flushing Meadows, Queens",,"fan_zone in Flushing Meadows, Queens; listed as a World Cup watch venue.",https://watchworldcup.nyc/venues/nynj-wc26-queens-group-stage-hq
NYNJ World Cup 26 Staten Island Fan Zone,fan_zone,St. George,Staten Island,"St. George, Staten Island",,"fan_zone in St. George, Staten Island; listed as a World Cup watch venue.",https://watchworldcup.nyc/venues/nynj-wc26-staten-island-fan-zone
NYS Community Viewing: Kensico Dam Plaza,Public Viewing,Valhalla,Westchester,"Valhalla, Westchester",,"Public Viewing in Valhalla, Westchester; listed as a World Cup watch venue.",https://watchworldcup.nyc/venues/nys-viewing-kensico-dam
NYS Community Viewing: Stony Brook,Public Viewing,Stony Brook,Long Island,"Stony Brook, Long Island",United States; Canada,"Public Viewing in Stony Brook, Long Island; listed as a World Cup watch venue for fans of United States; Canada.",https://watchworldcup.nyc/venues/nys-viewing-stony-brook
O Lavrador,Restaurant,Jamaica,Queens,"Jamaica, Queens",Portugal,"Restaurant in Jamaica, Queens; listed as a World Cup watch venue for fans of Portugal.",https://watchworldcup.nyc/venues/o-lavrador
O'Hanlon's Bar,Bar,East Village,Manhattan,"East Village, Manhattan",England,"Bar in East Village, Manhattan; listed as a World Cup watch venue for fans of England.",https://watchworldcup.nyc/venues/ohanlons-bar
O'Hara's Downtown,Bar,Downtown,Jersey City,"Downtown, Jersey City",England; United States,"Bar in Downtown, Jersey City; listed as a World Cup watch venue for fans of England; United States.",https://watchworldcup.nyc/venues/oharas-downtown
Off Side Tavern,Bar,Chelsea,Manhattan,"Chelsea, Manhattan",United States; England,"Bar in Chelsea, Manhattan; listed as a World Cup watch venue for fans of United States; England.",https://watchworldcup.nyc/venues/off-side-tavern
Off the Wagon,Bar,Greenwich Village,Manhattan,"Greenwich Village, Manhattan",United States,"Bar in Greenwich Village, Manhattan; listed as a World Cup watch venue for fans of United States.",https://watchworldcup.nyc/venues/off-the-wagon
Old Town Bar,Bar,Union Square,Manhattan,"Union Square, Manhattan",,"Bar in Union Square, Manhattan; listed as a World Cup watch venue.",https://watchworldcup.nyc/venues/old-town-bar
Olde City,Bar,Chelsea,Manhattan,"Chelsea, Manhattan",England,"Bar in Chelsea, Manhattan; listed as a World Cup watch venue for fans of England.",https://watchworldcup.nyc/venues/olde-city
Opera Cafe & Lounge,Restaurant,Sheepshead Bay,Brooklyn,"Sheepshead Bay, Brooklyn",T��rkiye,"Restaurant in Sheepshead Bay, Brooklyn; listed as a World Cup watch venue for fans of T��rkiye.",https://watchworldcup.nyc/venues/opera-cafe-lounge
Other Half Brewing,Beer Garden,Carroll Gardens,Brooklyn,"Carroll Gardens, Brooklyn",United States; England,"Beer Garden in Carroll Gardens, Brooklyn; listed as a World Cup watch venue for fans of United States; England.",https://watchworldcup.nyc/venues/other-half-brewing
Overlook Lounge,Bar,Midtown East,Manhattan,"Midtown East, Manhattan",United States; England,"Bar in Midtown East, Manhattan; listed as a World Cup watch venue for fans of United States; England.",https://watchworldcup.nyc/venues/overlook-lounge
P.J. Carney's (Midtown),Bar,Midtown,Manhattan,"Midtown, Manhattan",United States,"Bar in Midtown, Manhattan; listed as a World Cup watch venue for fans of United States.",https://watchworldcup.nyc/venues/p-j-carneys-midtown
Paddy Maguire's Ale House,Bar,Gramercy,Manhattan,"Gramercy, Manhattan",,"Bar in Gramercy, Manhattan; listed as a World Cup watch venue.",https://watchworldcup.nyc/venues/paddy-maguires-ale-house
Paddy Reilly's Music Bar,Bar,Kips Bay,Manhattan,"Kips Bay, Manhattan",,"Bar in Kips Bay, Manhattan; listed as a World Cup watch venue.",https://watchworldcup.nyc/venues/paddy-reillys-music-bar
Paddy's of Park Slope,Bar,Park Slope,Brooklyn,"Park Slope, Brooklyn",England,"Bar in Park Slope, Brooklyn; listed as a World Cup watch venue for fans of England.",https://watchworldcup.nyc/venues/paddys-of-park-slope
Papaye,Restaurant,Fordham,Bronx,"Fordham, Bronx",Ghana,"Restaurant in Fordham, Bronx; listed as a World Cup watch venue for fans of Ghana.",https://watchworldcup.nyc/venues/papaye
Persepolis,Restaurant,Upper East Side,Manhattan,"Upper East Side, Manhattan",Iran,"Restaurant in Upper East Side, Manhattan; listed as a World Cup watch venue for fans of Iran.",https://watchworldcup.nyc/venues/persepolis
Pete's Tavern,Bar,Gramercy,Manhattan,"Gramercy, Manhattan",,"Bar in Gramercy, Manhattan; listed as a World Cup watch venue.",https://watchworldcup.nyc/venues/petes-tavern
Peter Dillon's,Bar,Murray Hill,Manhattan,"Murray Hill, Manhattan",England,"Bar in Murray Hill, Manhattan; listed as a World Cup watch venue for fans of England.",https://watchworldcup.nyc/venues/peter-dillons
Petite Abeille,Restaurant,Chelsea,Manhattan,"Chelsea, Manhattan",Belgium,"Restaurant in Chelsea, Manhattan; listed as a World Cup watch venue for fans of Belgium.",https://watchworldcup.nyc/venues/petite-abeille
Pig Beach BBQ,Bar,Gowanus,Brooklyn,"Gowanus, Brooklyn",United States,"Bar in Gowanus, Brooklyn; listed as a World Cup watch venue for fans of United States.",https://watchworldcup.nyc/venues/pig-beach-bbq
Pikine Restaurant,Restaurant,Harlem,Manhattan,"Harlem, Manhattan",Senegal,"Restaurant in Harlem, Manhattan; listed as a World Cup watch venue for fans of Senegal.",https://watchworldcup.nyc/venues/pikine-restaurant
Pine Box Rock Shop,Bar,Bushwick,Brooklyn,"Bushwick, Brooklyn",,"Bar in Bushwick, Brooklyn; listed as a World Cup watch venue.",https://watchworldcup.nyc/venues/pine-box-rock-shop
Pioneers Bar,Bar,Chelsea,Manhattan,"Chelsea, Manhattan",,"Bar in Chelsea, Manhattan; listed as a World Cup watch venue.",https://watchworldcup.nyc/venues/pioneers-bar
Playwright Celtic Pub,Bar,Midtown,Manhattan,"Midtown, Manhattan",United States,"Bar in Midtown, Manhattan; listed as a World Cup watch venue for fans of United States.",https://watchworldcup.nyc/venues/playwright-celtic-pub
Playwright Irish Pub,Bar,Midtown,Manhattan,"Midtown, Manhattan",Spain,"Bar in Midtown, Manhattan; listed as a World Cup watch venue for fans of Spain.",https://watchworldcup.nyc/venues/playwright-irish-pub-35th
Pocha 32,Restaurant,Koreatown,Manhattan,"Koreatown, Manhattan",Korea Republic,"Restaurant in Koreatown, Manhattan; listed as a World Cup watch venue for fans of Korea Republic.",https://watchworldcup.nyc/venues/pocha-32
Pollos a la Brasa Mario,Restaurant,Jackson Heights,Queens,"Jackson Heights, Queens",Colombia,"Restaurant in Jackson Heights, Queens; listed as a World Cup watch venue for fans of Colombia.",https://watchworldcup.nyc/venues/pollos-a-la-brasa-mario
Ponty Bistro Harlem,Restaurant,Harlem,Manhattan,"Harlem, Manhattan",Senegal; France,"Restaurant in Harlem, Manhattan; listed as a World Cup watch venue for fans of Senegal; France.",https://watchworldcup.nyc/venues/ponty-bistro-harlem
Porte��o (Elmhurst),Restaurant,Elmhurst,Queens,"Elmhurst, Queens",Argentina,"Restaurant in Elmhurst, Queens; listed as a World Cup watch venue for fans of Argentina.",https://watchworldcup.nyc/venues/porte-o-elmhurst
Printers Alley,Bar,Times Square,Manhattan,"Times Square, Manhattan",England,"Bar in Times Square, Manhattan; listed as a World Cup watch venue for fans of England.",https://watchworldcup.nyc/venues/printers-alley
Prizreni Grill,Restaurant,Morris Park,Bronx,"Morris Park, Bronx",,"Restaurant in Morris Park, Bronx; listed as a World Cup watch venue.",https://watchworldcup.nyc/venues/prizreni-grill
Prohibition,Bar,Upper West Side,Manhattan,"Upper West Side, Manhattan",United States; England,"Bar in Upper West Side, Manhattan; listed as a World Cup watch venue for fans of United States; England.",https://watchworldcup.nyc/venues/prohibition
Pyza,Restaurant,Greenpoint,Brooklyn,"Greenpoint, Brooklyn",,"Restaurant in Greenpoint, Brooklyn; listed as a World Cup watch venue.",https://watchworldcup.nyc/venues/pyza
Radegast Hall & Biergarten,Bar,Williamsburg,Brooklyn,"Williamsburg, Brooklyn",Germany,"Bar in Williamsburg, Brooklyn; listed as a World Cup watch venue for fans of Germany.",https://watchworldcup.nyc/venues/radegast-hall-biergarten
Raizes Churrascaria,Restaurant,Greenpoint,Brooklyn,"Greenpoint, Brooklyn",Portugal,"Restaurant in Greenpoint, Brooklyn; listed as a World Cup watch venue for fans of Portugal.",https://watchworldcup.nyc/venues/raizes-churrascaria
Rathbones Pub,Bar,Upper East Side,Manhattan,"Upper East Side, Manhattan",,"Bar in Upper East Side, Manhattan; listed as a World Cup watch venue.",https://watchworldcup.nyc/venues/rathbones-pub
Reichenbach Hall,Bar,Midtown,Manhattan,"Midtown, Manhattan",Germany,"Bar in Midtown, Manhattan; listed as a World Cup watch venue for fans of Germany.",https://watchworldcup.nyc/venues/reichenbach-hall
Reservoir,Bar,Greenwich Village,Manhattan,"Greenwich Village, Manhattan",,"Bar in Greenwich Village, Manhattan; listed as a World Cup watch venue.",https://watchworldcup.nyc/venues/reservoir
Retro Polish Restaurant,Restaurant,Greenpoint,Brooklyn,"Greenpoint, Brooklyn",,"Restaurant in Greenpoint, Brooklyn; listed as a World Cup watch venue.",https://watchworldcup.nyc/venues/retro-polish-restaurant
Riazor Blues,Restaurant,Jackson Heights,Queens,"Jackson Heights, Queens",Spain,"Restaurant in Jackson Heights, Queens; listed as a World Cup watch venue for fans of Spain.",https://watchworldcup.nyc/venues/riazor-blues
Ribalta,Bar,Greenwich Village,Manhattan,"Greenwich Village, Manhattan",,"Bar in Greenwich Village, Manhattan; listed as a World Cup watch venue.",https://watchworldcup.nyc/venues/ribalta
Rice N Beans,Restaurant,Hell's Kitchen,Manhattan,"Hell's Kitchen, Manhattan",Brazil,"Restaurant in Hell's Kitchen, Manhattan; listed as a World Cup watch venue for fans of Brazil.",https://watchworldcup.nyc/venues/rice-n-beans
Rinc��n Melania,Restaurant,Sunnyside,Queens,"Sunnyside, Queens",Ecuador,"Restaurant in Sunnyside, Queens; listed as a World Cup watch venue for fans of Ecuador.",https://watchworldcup.nyc/venues/rincon-melania
Rincon Salvadore��o,Restaurant,Jamaica,Queens,"Jamaica, Queens",Ecuador,"Restaurant in Jamaica, Queens; listed as a World Cup watch venue for fans of Ecuador.",https://watchworldcup.nyc/venues/rincon-salvadore-o
Rio de la Plata Bakery,Restaurant,Elmhurst,Queens,"Elmhurst, Queens",Argentina,"Restaurant in Elmhurst, Queens; listed as a World Cup watch venue for fans of Argentina.",https://watchworldcup.nyc/venues/rio-de-la-plata-bakery
Rivercrest,Bar,Long Island City,Queens,"Long Island City, Queens",United States; England; Brazil,"Bar in Long Island City, Queens; listed as a World Cup watch venue for fans of United States; England; Brazil.",https://watchworldcup.nyc/venues/rivercrest
Rocco's Sports & Rec,Bar,NoHo,Manhattan,"NoHo, Manhattan",,"Bar in NoHo, Manhattan; listed as a World Cup watch venue.",https://watchworldcup.nyc/venues/roccos-sports-rec
Roebling Sporting Club,Bar,Williamsburg,Brooklyn,"Williamsburg, Brooklyn",England; United States,"Bar in Williamsburg, Brooklyn; listed as a World Cup watch venue for fans of England; United States.",https://watchworldcup.nyc/venues/roebling-sporting-club
Rosie O'Grady's,Bar,Midtown,Manhattan,"Midtown, Manhattan",United States,"Bar in Midtown, Manhattan; listed as a World Cup watch venue for fans of United States.",https://watchworldcup.nyc/venues/rosie-ogradys
Rosie's Sports Pub & Grill,Bar,Midtown,Manhattan,"Midtown, Manhattan",United States; England,"Bar in Midtown, Manhattan; listed as a World Cup watch venue for fans of United States; England.",https://watchworldcup.nyc/venues/rosies-sports-pub-grill
Rudar Club,Cultural Center,Astoria,Queens,"Astoria, Queens",Croatia,"Cultural Center in Astoria, Queens; listed as a World Cup watch venue for fans of Croatia.",https://watchworldcup.nyc/venues/rudar-club
Ryan's Daughter,Bar,Upper East Side,Manhattan,"Upper East Side, Manhattan",England,"Bar in Upper East Side, Manhattan; listed as a World Cup watch venue for fans of England.",https://watchworldcup.nyc/venues/ryans-daughter
San Antonio Bakery II,Restaurant,Astoria,Queens,"Astoria, Queens",,"Restaurant in Astoria, Queens; listed as a World Cup watch venue.",https://watchworldcup.nyc/venues/san-antonio-bakery-ii
Sea Witch,Bar,South Slope,Brooklyn,"South Slope, Brooklyn",United States,"Bar in South Slope, Brooklyn; listed as a World Cup watch venue for fans of United States.",https://watchworldcup.nyc/venues/sea-witch
Seabra's Marisqueira,Restaurant,Ironbound,Newark,"Ironbound, Newark",Portugal,"Restaurant in Ironbound, Newark; listed as a World Cup watch venue for fans of Portugal.",https://watchworldcup.nyc/venues/seabras-marisqueira
Sean's Bar & Kitchen,Bar,Midtown,Manhattan,"Midtown, Manhattan",,"Bar in Midtown, Manhattan; listed as a World Cup watch venue.",https://watchworldcup.nyc/venues/seans-bar-kitchen
Sek'end Sun,Bar,Astoria,Queens,"Astoria, Queens",United States,"Bar in Astoria, Queens; listed as a World Cup watch venue for fans of United States.",https://watchworldcup.nyc/venues/sekend-sun
Seven Sins,Bar,Gramercy,Manhattan,"Gramercy, Manhattan",England,"Bar in Gramercy, Manhattan; listed as a World Cup watch venue for fans of England.",https://watchworldcup.nyc/venues/seven-sins
Shillelagh Tavern,Bar,Astoria,Queens,"Astoria, Queens",United States; England,"Bar in Astoria, Queens; listed as a World Cup watch venue for fans of United States; England.",https://watchworldcup.nyc/venues/shillelagh-tavern
Sl��inte Bar & Lounge,Bar,NoHo,Manhattan,"NoHo, Manhattan",,"Bar in NoHo, Manhattan; listed as a World Cup watch venue.",https://watchworldcup.nyc/venues/slainte-bar-lounge
Smithfield Downtown (aka The Smith),Bar,East Village,Manhattan,"East Village, Manhattan",United States; England,"Bar in East Village, Manhattan; listed as a World Cup watch venue for fans of United States; England.",https://watchworldcup.nyc/venues/smithfield-downtown-aka-the-smith
Smithfield Hall NYC,Bar,Chelsea,Manhattan,"Chelsea, Manhattan",England; Scotland; Spain,"Bar in Chelsea, Manhattan; listed as a World Cup watch venue for fans of England; Scotland; Spain.",https://watchworldcup.nyc/venues/smithfield-hall-nyc
Soccer Tavern,Bar,Sunset Park,Brooklyn,"Sunset Park, Brooklyn",,"Bar in Sunset Park, Brooklyn; listed as a World Cup watch venue.",https://watchworldcup.nyc/venues/soccer-tavern
Socceria,Bar,Greenpoint,Brooklyn,"Greenpoint, Brooklyn",,"Bar in Greenpoint, Brooklyn; listed as a World Cup watch venue.",https://watchworldcup.nyc/venues/socceria
Sofreh,Restaurant,Prospect Heights,Brooklyn,"Prospect Heights, Brooklyn",Iran,"Restaurant in Prospect Heights, Brooklyn; listed as a World Cup watch venue for fans of Iran.",https://watchworldcup.nyc/venues/sofreh
Spuyten Duyvil,Bar,Williamsburg,Brooklyn,"Williamsburg, Brooklyn",Belgium; Germany,"Bar in Williamsburg, Brooklyn; listed as a World Cup watch venue for fans of Belgium; Germany.",https://watchworldcup.nyc/venues/spuyten-duyvil
Stan's Sports Bar,Bar,Concourse,Bronx,"Concourse, Bronx",United States,"Bar in Concourse, Bronx; listed as a World Cup watch venue for fans of United States.",https://watchworldcup.nyc/venues/stans-sports-bar
Stout NYC (FiDi),Bar,Financial District,Manhattan,"Financial District, Manhattan",England,"Bar in Financial District, Manhattan; listed as a World Cup watch venue for fans of England.",https://watchworldcup.nyc/venues/stout-nyc-fidi
Stout NYC (Grand Central),Bar,Midtown,Manhattan,"Midtown, Manhattan",United States,"Bar in Midtown, Manhattan; listed as a World Cup watch venue for fans of United States.",https://watchworldcup.nyc/venues/stout-nyc-grand-central
Stout NYC (Midtown),Bar,Midtown,Manhattan,"Midtown, Manhattan",England; United States,"Bar in Midtown, Manhattan; listed as a World Cup watch venue for fans of England; United States.",https://watchworldcup.nyc/venues/stout-nyc-midtown
Stout NYC (Penn Station),Bar,Midtown,Manhattan,"Midtown, Manhattan",United States; England,"Bar in Midtown, Manhattan; listed as a World Cup watch venue for fans of United States; England.",https://watchworldcup.nyc/venues/stout-nyc-penn-station
Sweet Afton,Bar,Astoria,Queens,"Astoria, Queens",United States,"Bar in Astoria, Queens; listed as a World Cup watch venue for fans of United States.",https://watchworldcup.nyc/venues/sweet-afton
Taci's Beyti,Restaurant,Midwood,Brooklyn,"Midwood, Brooklyn",T��rkiye,"Restaurant in Midwood, Brooklyn; listed as a World Cup watch venue for fans of T��rkiye.",https://watchworldcup.nyc/venues/tacis-beyti
Tacombi Sunset Park,Restaurant,Sunset Park,Brooklyn,"Sunset Park, Brooklyn",Mexico,"Restaurant in Sunset Park, Brooklyn; listed as a World Cup watch venue for fans of Mexico.",https://watchworldcup.nyc/venues/tacombi-sunset-park
Tacos El Bronco,Restaurant,Sunset Park,Brooklyn,"Sunset Park, Brooklyn",Mexico,"Restaurant in Sunset Park, Brooklyn; listed as a World Cup watch venue for fans of Mexico.",https://watchworldcup.nyc/venues/tacos-el-bronco
Tacos Matamoros,Restaurant,Sunset Park,Brooklyn,"Sunset Park, Brooklyn",Mexico,"Restaurant in Sunset Park, Brooklyn; listed as a World Cup watch venue for fans of Mexico.",https://watchworldcup.nyc/venues/tacos-matamoros
Tagine Dining Gallery,Restaurant,Hell's Kitchen,Manhattan,"Hell's Kitchen, Manhattan",Morocco,"Restaurant in Hell's Kitchen, Manhattan; listed as a World Cup watch venue for fans of Morocco.",https://watchworldcup.nyc/venues/tagine-dining-gallery
Taqueria Diana (Orchard),Restaurant,Lower East Side,Manhattan,"Lower East Side, Manhattan",Mexico,"Restaurant in Lower East Side, Manhattan; listed as a World Cup watch venue for fans of Mexico.",https://watchworldcup.nyc/venues/taqueria-diana-orchard
Tavern on Third,Bar,Kips Bay,Manhattan,"Kips Bay, Manhattan",England; United States,"Bar in Kips Bay, Manhattan; listed as a World Cup watch venue for fans of England; United States.",https://watchworldcup.nyc/venues/tavern-on-third
The Ainsworth Midtown,Bar,Chelsea,Manhattan,"Chelsea, Manhattan",United States; England,"Bar in Chelsea, Manhattan; listed as a World Cup watch venue for fans of United States; England.",https://watchworldcup.nyc/venues/the-ainsworth-midtown
The Ashford,Bar,Downtown,Jersey City,"Downtown, Jersey City",United States; England,"Bar in Downtown, Jersey City; listed as a World Cup watch venue for fans of United States; England.",https://watchworldcup.nyc/venues/the-ashford
The Backyard at Hudson Yards,Public Viewing,Hudson Yards,Manhattan,"Hudson Yards, Manhattan",,"Public Viewing in Hudson Yards, Manhattan; listed as a World Cup watch venue.",https://watchworldcup.nyc/venues/backyard-hudson-yards
The Bespoken,Bar,Forest Hills,Queens,"Forest Hills, Queens",United States; England,"Bar in Forest Hills, Queens; listed as a World Cup watch venue for fans of United States; England.",https://watchworldcup.nyc/venues/the-bespoken
The Bowery Beer Garden,Beer Garden,Lower East Side,Manhattan,"Lower East Side, Manhattan",,"Beer Garden in Lower East Side, Manhattan; listed as a World Cup watch venue.",https://watchworldcup.nyc/venues/the-bowery-beer-garden
The Brewery Bar & Kitchen,Bar,Woodside,Queens,"Woodside, Queens",United States,"Bar in Woodside, Queens; listed as a World Cup watch venue for fans of United States.",https://watchworldcup.nyc/venues/the-brewery-bar-kitchen
The Canuck,Bar,Chelsea,Manhattan,"Chelsea, Manhattan",Canada,"Bar in Chelsea, Manhattan; listed as a World Cup watch venue for fans of Canada.",https://watchworldcup.nyc/venues/the-canuck
The Churchill Tavern,Bar,NoMad,Manhattan,"NoMad, Manhattan",England,"Bar in NoMad, Manhattan; listed as a World Cup watch venue for fans of England.",https://watchworldcup.nyc/venues/the-churchill-tavern
The Crown Inn,Bar,Crown Heights,Brooklyn,"Crown Heights, Brooklyn",United States; England,"Bar in Crown Heights, Brooklyn; listed as a World Cup watch venue for fans of United States; England.",https://watchworldcup.nyc/venues/the-crown-inn
The Dead Poet,Bar,Upper West Side,Manhattan,"Upper West Side, Manhattan",England,"Bar in Upper West Side, Manhattan; listed as a World Cup watch venue for fans of England.",https://watchworldcup.nyc/venues/the-dead-poet
The Dead Rabbit,Bar,Financial District,Manhattan,"Financial District, Manhattan",,"Bar in Financial District, Manhattan; listed as a World Cup watch venue.",https://watchworldcup.nyc/venues/the-dead-rabbit
The Dog and Bone,Bar,Kips Bay,Manhattan,"Kips Bay, Manhattan",England,"Bar in Kips Bay, Manhattan; listed as a World Cup watch venue for fans of England.",https://watchworldcup.nyc/venues/the-dog-and-bone
The Dram Shop,Bar,Park Slope,Brooklyn,"Park Slope, Brooklyn",,"Bar in Park Slope, Brooklyn; listed as a World Cup watch venue.",https://watchworldcup.nyc/venues/the-dram-shop
The Dublin House,Bar,Upper West Side,Manhattan,"Upper West Side, Manhattan",,"Bar in Upper West Side, Manhattan; listed as a World Cup watch venue.",https://watchworldcup.nyc/venues/the-dublin-house
The Eagle Inn,Bar,Bay Ridge,Brooklyn,"Bay Ridge, Brooklyn",England,"Bar in Bay Ridge, Brooklyn; listed as a World Cup watch venue for fans of England.",https://watchworldcup.nyc/venues/the-eagle-inn
The Ellington,Bar,Upper West Side,Manhattan,"Upper West Side, Manhattan",United States,"Bar in Upper West Side, Manhattan; listed as a World Cup watch venue for fans of United States.",https://watchworldcup.nyc/venues/the-ellington
The Gael Pub,Bar,Upper East Side,Manhattan,"Upper East Side, Manhattan",England,"Bar in Upper East Side, Manhattan; listed as a World Cup watch venue for fans of England.",https://watchworldcup.nyc/venues/the-gael-pub
The Gaf West,Bar,Hell's Kitchen,Manhattan,"Hell's Kitchen, Manhattan",England,"Bar in Hell's Kitchen, Manhattan; listed as a World Cup watch venue for fans of England.",https://watchworldcup.nyc/venues/the-gaf-west
The Gate,Bar,Park Slope,Brooklyn,"Park Slope, Brooklyn",,"Bar in Park Slope, Brooklyn; listed as a World Cup watch venue.",https://watchworldcup.nyc/venues/the-gate
The Globe Pub,Bar,Gramercy,Manhattan,"Gramercy, Manhattan",England; United States,"Bar in Gramercy, Manhattan; listed as a World Cup watch venue for fans of England; United States.",https://watchworldcup.nyc/venues/the-globe-pub
The Grafton,Bar,East Village,Manhattan,"East Village, Manhattan",,"Bar in East Village, Manhattan; listed as a World Cup watch venue.",https://watchworldcup.nyc/venues/the-grafton
The Hairy Lemon,Bar,East Village,Manhattan,"East Village, Manhattan",Australia,"Bar in East Village, Manhattan; listed as a World Cup watch venue for fans of Australia.",https://watchworldcup.nyc/venues/the-hairy-lemon
The Hop Shoppe,Bar,St. George,Staten Island,"St. George, Staten Island",,"Bar in St. George, Staten Island; listed as a World Cup watch venue.",https://watchworldcup.nyc/venues/the-hop-shoppe
The Hutton,Restaurant,The Heights,Jersey City,"The Heights, Jersey City",,"Restaurant in The Heights, Jersey City; listed as a World Cup watch venue.",https://watchworldcup.nyc/venues/the-hutton
The Irish American Pub,Bar,Financial District,Manhattan,"Financial District, Manhattan",England,"Bar in Financial District, Manhattan; listed as a World Cup watch venue for fans of England.",https://watchworldcup.nyc/venues/the-irish-american-pub
The Keep,Bar,Ridgewood,Queens,"Ridgewood, Queens",United States; England,"Bar in Ridgewood, Queens; listed as a World Cup watch venue for fans of United States; England.",https://watchworldcup.nyc/venues/the-keep
The Monro Pub,Bar,Park Slope,Brooklyn,"Park Slope, Brooklyn",England; Scotland; United States,"Bar in Park Slope, Brooklyn; listed as a World Cup watch venue for fans of England; Scotland; United States.",https://watchworldcup.nyc/venues/the-monro-pub
The Parlour,Bar,Upper West Side,Manhattan,"Upper West Side, Manhattan",England,"Bar in Upper West Side, Manhattan; listed as a World Cup watch venue for fans of England.",https://watchworldcup.nyc/venues/the-parlour
The Penrose,Bar,Upper East Side,Manhattan,"Upper East Side, Manhattan",England,"Bar in Upper East Side, Manhattan; listed as a World Cup watch venue for fans of England.",https://watchworldcup.nyc/venues/the-penrose
The Perfect Pint,Bar,Theater District,Manhattan,"Theater District, Manhattan",England,"Bar in Theater District, Manhattan; listed as a World Cup watch venue for fans of England.",https://watchworldcup.nyc/venues/the-perfect-pint
The Pig 'n' Whistle on 3rd,Bar,Midtown East,Manhattan,"Midtown East, Manhattan",England,"Bar in Midtown East, Manhattan; listed as a World Cup watch venue for fans of England.",https://watchworldcup.nyc/venues/the-pig-n-whistle-on-3rd
The Public House,Bar,Midtown East,Manhattan,"Midtown East, Manhattan",United States,"Bar in Midtown East, Manhattan; listed as a World Cup watch venue for fans of United States.",https://watchworldcup.nyc/venues/the-public-house
The Rambling House,Bar,Woodlawn,Bronx,"Woodlawn, Bronx",,"Bar in Woodlawn, Bronx; listed as a World Cup watch venue.",https://watchworldcup.nyc/venues/the-rambling-house
The Red Lion,Bar,Greenwich Village,Manhattan,"Greenwich Village, Manhattan",England; United States; Scotland,"Bar in Greenwich Village, Manhattan; listed as a World Cup watch venue for fans of England; United States; Scotland.",https://watchworldcup.nyc/venues/the-red-lion
The Soccer Republic,Bar,Garment District,Manhattan,"Garment District, Manhattan",Brazil; Argentina; United States,"Bar in Garment District, Manhattan; listed as a World Cup watch venue for fans of Brazil; Argentina; United States.",https://watchworldcup.nyc/venues/the-soccer-republic
The Sparrow Tavern,Bar,Astoria,Queens,"Astoria, Queens",United States,"Bar in Astoria, Queens; listed as a World Cup watch venue for fans of United States.",https://watchworldcup.nyc/venues/the-sparrow-tavern
The Standings,Bar,East Village,Manhattan,"East Village, Manhattan",United States; England,"Bar in East Village, Manhattan; listed as a World Cup watch venue for fans of United States; England.",https://watchworldcup.nyc/venues/the-standings
The Three Monkeys,Bar,Midtown West,Manhattan,"Midtown West, Manhattan",England; United States,"Bar in Midtown West, Manhattan; listed as a World Cup watch venue for fans of England; United States.",https://watchworldcup.nyc/venues/the-three-monkeys
The Village Pourhouse,Bar,East Village,Manhattan,"East Village, Manhattan",United States; England,"Bar in East Village, Manhattan; listed as a World Cup watch venue for fans of United States; England.",https://watchworldcup.nyc/venues/the-village-pourhouse
The Wicked Monk,Bar,Bay Ridge,Brooklyn,"Bay Ridge, Brooklyn",,"Bar in Bay Ridge, Brooklyn; listed as a World Cup watch venue.",https://watchworldcup.nyc/venues/the-wicked-monk
The Wicked Wolf,Bar,Throggs Neck,Bronx,"Throggs Neck, Bronx",United States,"Bar in Throggs Neck, Bronx; listed as a World Cup watch venue for fans of United States.",https://watchworldcup.nyc/venues/the-wicked-wolf
The Windjammer,Bar,Upper West Side,Manhattan,"Upper West Side, Manhattan",England; United States,"Bar in Upper West Side, Manhattan; listed as a World Cup watch venue for fans of England; United States.",https://watchworldcup.nyc/venues/the-windjammer
The Wolfhound,Bar,Astoria,Queens,"Astoria, Queens",,"Bar in Astoria, Queens; listed as a World Cup watch venue.",https://watchworldcup.nyc/venues/the-wolfhound
Tierras Colombianas,Restaurant,Jackson Heights,Queens,"Jackson Heights, Queens",Colombia,"Restaurant in Jackson Heights, Queens; listed as a World Cup watch venue for fans of Colombia.",https://watchworldcup.nyc/venues/tierras-colombianas
Time Out Market DUMBO,Public Viewing,DUMBO,Brooklyn,"DUMBO, Brooklyn",,"Public Viewing in DUMBO, Brooklyn; listed as a World Cup watch venue.",https://watchworldcup.nyc/venues/time-out-market-dumbo
T��r na n��g (Penn Station),Bar,Midtown,Manhattan,"Midtown, Manhattan",England; United States,"Bar in Midtown, Manhattan; listed as a World Cup watch venue for fans of England; United States.",https://watchworldcup.nyc/venues/t-r-na-n-g-penn-station
Tropical Restaurant,Restaurant,Woodside,Queens,"Woodside, Queens",,"Restaurant in Woodside, Queens; listed as a World Cup watch venue.",https://watchworldcup.nyc/venues/tropical-restaurant-woodside
Turkey's Nest Tavern,Bar,Williamsburg,Brooklyn,"Williamsburg, Brooklyn",United States,"Bar in Williamsburg, Brooklyn; listed as a World Cup watch venue for fans of United States.",https://watchworldcup.nyc/venues/turkeys-nest-tavern
Turnmill NYC,Bar,Flatiron,Manhattan,"Flatiron, Manhattan",England; United States,"Bar in Flatiron, Manhattan; listed as a World Cup watch venue for fans of England; United States.",https://watchworldcup.nyc/venues/turnmill-nyc
Ulysses Folk House,Bar,Financial District,Manhattan,"Financial District, Manhattan",England,"Bar in Financial District, Manhattan; listed as a World Cup watch venue for fans of England.",https://watchworldcup.nyc/venues/ulysses-folk-house
Via Brasil,Restaurant,Midtown,Manhattan,"Midtown, Manhattan",Brazil,"Restaurant in Midtown, Manhattan; listed as a World Cup watch venue for fans of Brazil.",https://watchworldcup.nyc/venues/via-brasil
Whiskey Tavern,Bar,Chinatown,Manhattan,"Chinatown, Manhattan",England; United States,"Bar in Chinatown, Manhattan; listed as a World Cup watch venue for fans of England; United States.",https://watchworldcup.nyc/venues/whiskey-tavern
White Horse Tavern,Bar,West Village,Manhattan,"West Village, Manhattan",,"Bar in West Village, Manhattan; listed as a World Cup watch venue.",https://watchworldcup.nyc/venues/white-horse-tavern
Wicked Wolf Tavern,Bar,Waterfront,Hoboken,"Waterfront, Hoboken",United States,"Bar in Waterfront, Hoboken; listed as a World Cup watch venue for fans of United States.",https://watchworldcup.nyc/venues/wicked-wolf-tavern
Xochimilco Family Restaurant,Restaurant,Melrose,Bronx,"Melrose, Bronx",Mexico,"Restaurant in Melrose, Bronx; listed as a World Cup watch venue for fans of Mexico.",https://watchworldcup.nyc/venues/xochimilco-family-restaurant
Yankee Tavern,Bar,Concourse,Bronx,"Concourse, Bronx",United States,"Bar in Concourse, Bronx; listed as a World Cup watch venue for fans of United States.",https://watchworldcup.nyc/venues/yankee-tavern
Zeppelin Hall Biergarten,Beer Garden,Liberty State Park,Jersey City,"Liberty State Park, Jersey City",Germany; United States,"Beer Garden in Liberty State Park, Jersey City; listed as a World Cup watch venue for fans of Germany; United States.",https://watchworldcup.nyc/venues/zeppelin-hall-biergarten
Zum Schneider World Cup Pop-Up,Pop-Up,Greenpoint,Brooklyn,"Greenpoint, Brooklyn",Germany,"Pop-Up in Greenpoint, Brooklyn; listed as a World Cup watch venue for fans of Germany.",https://watchworldcup.nyc/venues/zum-schneider-world-cup-pop-up
Zum Stammtisch,Restaurant,Glendale,Queens,"Glendale, Queens",Germany,"Restaurant in Glendale, Queens; listed as a World Cup watch venue for fans of Germany.",https://watchworldcup.nyc/venues/zum-stammtisch
